{"cameraMode":{"drawMode":0,"name":"Shaded","section":"Shading Mode"},"sceneLighting":false,"audioPlay":false,"sceneViewState":{"m_AlwaysRefresh":false,"showFog":true,"showSkybox":false,"showFlares":true,"showImageEffects":true,"showParticleSystems":true,"showVisualEffectGraphs":true,"m_FxEnabled":true},"in2DMode":false,"pivot":{"x":0.06935811042785645,"y":2.1242446899414064,"z":3.9180908203125},"rotation":{"x":0.2072726935148239,"y":0.014669368043541909,"z":-0.0031084262300282718,"w":0.9781696796417236},"size":6.219224452972412,"orthographic":false}